<?xml version='1.0'?>
<module>
<exporttime>2010-05-11 14:57:40</exporttime>
<name>PBXManager</name>
<label>PBXManager</label>
<parent>Tools</parent>
<version>1.7</version>
<dependencies>
<vtiger_version>5.1.0</vtiger_version>
<vtiger_max_version>6.*</vtiger_max_version>
</dependencies>
<tables>
<table>
<name>vtiger_pbxmanager</name>
<sql><![CDATA[CREATE TABLE `vtiger_pbxmanager` (
  `pbxmanagerid` int(11) default NULL,
  `callfrom` varchar(255) default NULL,
  `callto` varchar(255) default NULL,
  `timeofcall` varchar(255) default NULL,
  `status` varchar(255) default NULL
) ENGINE=InnoDB DEFAULT CHARSET=utf8]]></sql>
</table>
</tables>
<blocks>
<block>
<label>LBL_CALL_INFORMATION</label>
<fields>
<field>
<fieldname>callfrom</fieldname>
<uitype>2</uitype>
<columnname>callfrom</columnname>
<tablename>vtiger_pbxmanager</tablename>
<generatedtype>1</generatedtype>
<fieldlabel>Call From</fieldlabel>
<readonly>1</readonly>
<presence>0</presence>
<defaultvalue></defaultvalue>
<sequence>1</sequence>
<maximumlength>100</maximumlength>
<typeofdata>V~M</typeofdata>
<quickcreate>1</quickcreate>
<quickcreatesequence></quickcreatesequence>
<displaytype>1</displaytype>
<info_type>BAS</info_type>
<helpinfo><![CDATA[]]></helpinfo>
<masseditable>1</masseditable>
<entityidentifier>
<entityidfield>pbxmanagerid</entityidfield>
<entityidcolumn>pbxmanagerid</entityidcolumn>
</entityidentifier>
</field>
<field>
<fieldname>callto</fieldname>
<uitype>2</uitype>
<columnname>callto</columnname>
<tablename>vtiger_pbxmanager</tablename>
<generatedtype>1</generatedtype>
<fieldlabel>Call To</fieldlabel>
<readonly>1</readonly>
<presence>0</presence>
<defaultvalue></defaultvalue>
<sequence>2</sequence>
<maximumlength>100</maximumlength>
<typeofdata>V~M</typeofdata>
<quickcreate>1</quickcreate>
<quickcreatesequence></quickcreatesequence>
<displaytype>1</displaytype>
<info_type>BAS</info_type>
<helpinfo><![CDATA[]]></helpinfo>
<masseditable>1</masseditable>
</field>
<field>
<fieldname>timeofcall</fieldname>
<uitype>2</uitype>
<columnname>timeofcall</columnname>
<tablename>vtiger_pbxmanager</tablename>
<generatedtype>1</generatedtype>
<fieldlabel>Time Of Call</fieldlabel>
<readonly>1</readonly>
<presence>0</presence>
<defaultvalue></defaultvalue>
<sequence>3</sequence>
<maximumlength>100</maximumlength>
<typeofdata>V~O</typeofdata>
<quickcreate>1</quickcreate>
<quickcreatesequence></quickcreatesequence>
<displaytype>1</displaytype>
<info_type>BAS</info_type>
<helpinfo><![CDATA[]]></helpinfo>
<masseditable>1</masseditable>
</field>
<field>
<fieldname>status</fieldname>
<uitype>2</uitype>
<columnname>status</columnname>
<tablename>vtiger_pbxmanager</tablename>
<generatedtype>1</generatedtype>
<fieldlabel>Status</fieldlabel>
<readonly>1</readonly>
<presence>0</presence>
<defaultvalue></defaultvalue>
<sequence>4</sequence>
<maximumlength>100</maximumlength>
<typeofdata>V~O</typeofdata>
<quickcreate>1</quickcreate>
<quickcreatesequence></quickcreatesequence>
<displaytype>1</displaytype>
<info_type>BAS</info_type>
<helpinfo><![CDATA[]]></helpinfo>
<masseditable>1</masseditable>
</field>
</fields>
</block>
<block>
<label>LBL_CUSTOM_INFORMATION</label>
</block>
</blocks>
<customviews>
<customview>
<viewname>All</viewname>
<setdefault>true</setdefault>
<setmetrics>false</setmetrics>
<fields>
<field>
<fieldname>callfrom</fieldname>
<columnindex>0</columnindex>
</field>
<field>
<fieldname>callto</fieldname>
<columnindex>1</columnindex>
</field>
<field>
<fieldname>timeofcall</fieldname>
<columnindex>2</columnindex>
</field>
<field>
<fieldname>status</fieldname>
<columnindex>3</columnindex>
</field>
</fields>
</customview>
<customview>
<viewname>Missed</viewname>
<setdefault>false</setdefault>
<setmetrics>false</setmetrics>
<fields>
<field>
<fieldname>callfrom</fieldname>
<columnindex>0</columnindex>
</field>
<field>
<fieldname>callto</fieldname>
<columnindex>1</columnindex>
</field>
<field>
<fieldname>timeofcall</fieldname>
<columnindex>2</columnindex>
</field>
<field>
<fieldname>status</fieldname>
<columnindex>3</columnindex>
<rules>
<rule>
<columnindex>0</columnindex>
<comparator>CONTAINS</comparator>
<value>Missed</value>
</rule>
</rules>
</field>
</fields>
</customview>
<customview>
<viewname>Dialed</viewname>
<setdefault>false</setdefault>
<setmetrics>false</setmetrics>
<fields>
<field>
<fieldname>callfrom</fieldname>
<columnindex>0</columnindex>
</field>
<field>
<fieldname>callto</fieldname>
<columnindex>1</columnindex>
</field>
<field>
<fieldname>timeofcall</fieldname>
<columnindex>2</columnindex>
</field>
<field>
<fieldname>status</fieldname>
<columnindex>3</columnindex>
<rules>
<rule>
<columnindex>0</columnindex>
<comparator>CONTAINS</comparator>
<value>outgoing</value>
</rule>
</rules>
</field>
</fields>
</customview>
<customview>
<viewname>Received</viewname>
<setdefault>false</setdefault>
<setmetrics>false</setmetrics>
<fields>
<field>
<fieldname>callfrom</fieldname>
<columnindex>0</columnindex>
</field>
<field>
<fieldname>callto</fieldname>
<columnindex>1</columnindex>
</field>
<field>
<fieldname>timeofcall</fieldname>
<columnindex>2</columnindex>
</field>
<field>
<fieldname>status</fieldname>
<columnindex>3</columnindex>
<rules>
<rule>
<columnindex>0</columnindex>
<comparator>CONTAINS</comparator>
<value>received</value>
</rule>
</rules>
</field>
</fields>
</customview>
</customviews>
<sharingaccess>
<default>private</default>
</sharingaccess>
<actions>
<action>
<name><![CDATA[Import]]></name>
<status>disabled</status>
</action>
<action>
<name><![CDATA[Export]]></name>
<status>disabled</status>
</action>
<action>
<name><![CDATA[Merge]]></name>
<status>disabled</status>
</action>
</actions>
</module>
