<?xml version="1.0"?>
<module>
  <type>language</type>
  <name>NL-Dutch</name>
  <label>NL-Dutch</label>
  <prefix>nl_nl</prefix>
  <version>1.2</version>
  <dependencies>
	  <vtiger_version>5.1.0</vtiger_version>
	  <vtiger_max_version>5.*</vtiger_max_version>
  </dependencies>
  <license>
   <inline><![CDATA[
 ********************************************************************************
 * The contents of these fileis are subject to the vtiger Public License Version 1.0
 * ("License"); You may not use this file except in compliance with the License.
 * Software distributed under the License is distributed on an  "AS IS"  basis,
 * WITHOUT WARRANTY OF ANY KIND, either express or implied. See the License for
 * the specific language governing rights and limitations under the License.
 ********************************************************************************
 *  Language     : NL-Dutch
 *  Version      : 5.2.0 VB1.2
 *  Author       : MJT Sprengers, Weltevree.org www.weltevree.org
 ********************************************************************************
]]></inline>
  </license>
</module>
