<?xml version='1.0'?>
<module>
	<type>extension</type>
	<name>ExtensionStorePro</name>
	<label>Extension Store Pro</label>
	<parent>Settings</parent>
	<version>1.0</version>
	<dependencies>
		<vtiger_version>6.0.0</vtiger_version>
		<vtiger_max_version>6.*</vtiger_max_version>
	</dependencies>
	<tables>
		<table>
		<name>vtiger_extnstorepro_users</name>
		<sql><![CDATA[CREATE TABLE `vtiger_extnstorepro_users` (
		  `id` int(11) NOT NULL AUTO_INCREMENT,
		  `username` varchar(50) DEFAULT NULL,
		  `password` varchar(75) DEFAULT NULL,
		  `instanceurl` varchar(255) DEFAULT NULL,
		  `createdon` datetime DEFAULT NULL,
		  `deleted` int(1) NOT NULL DEFAULT 0,
		  PRIMARY KEY (`id`)
		) ENGINE=InnoDB AUTO_INCREMENT=2 DEFAULT CHARSET=utf8]]></sql>
		</table>
	</tables>
</module>
