<?xml version="1.0"?>
<module>
  <type>language</type>
  <name>BritishEnglish</name>
  <label>British English</label>
  <prefix>en_gb</prefix>
  <version>5.3.0</version>
	<dependencies>
		<vtiger_version>5.2.1</vtiger_version>
		<vtiger_max_version>5.*</vtiger_max_version>
	</dependencies>
  <license>
   <inline><![CDATA[
 ********************************************************************************
 ** The contents of these files are subject to the vtiger CRM Public License 
  * Version 1.0. You may not use this file except in compliance with the License
  * The Original Code is:  vtiger CRM Open Source
  * The Initial Developer of the Original Code is vtiger.
  * Portions created by vtiger are Copyright (C) vtiger.
  * All Rights Reserved.
 ********************************************************************************
 *  Language     : British English
 *  Version      : 5.3.0
 *  Author       : Alan Lord. Libertus Solutions - http://www.libertus.co.uk
 ********************************************************************************
]]></inline>
  </license>
</module>
