<?xml version='1.0'?>
<module>
<exporttime>2010-07-07 14:54:26</exporttime>
<name>Mobile</name>
<label>Mobile</label>
<parent></parent>
<type>extension</type>
<version>1.2.3</version>
<dependencies>
<vtiger_version>5.1.0</vtiger_version>
</dependencies>
<tables>
<table>
<name>vtiger_mobile_alerts</name>
<sql><![CDATA[CREATE TABLE `vtiger_mobile_alerts` (
  `id` int(11) NOT NULL AUTO_INCREMENT,
  `handler_path` varchar(500) DEFAULT NULL,
  `handler_class` varchar(50) DEFAULT NULL,
  `sequence` int(11) DEFAULT NULL,
  `deleted` int(11) NOT NULL DEFAULT '0',
  PRIMARY KEY (`id`)
) ENGINE=InnoDB DEFAULT CHARSET=utf8]]></sql>
</table>
</tables>
</module>
