<?xml version='1.0'?>
<schema>
	<tables>
		<table>
			<name>vtiger_fieldformulas</name>
			<sql><![CDATA[CREATE TABLE `vtiger_fieldformulas` (
  `expressionid` int(11) NOT NULL default '0',
  `modulename` varchar(100) default NULL,
  `expression_engine` text,
  PRIMARY KEY  (`expressionid`)
)]]></sql>
		</table>
		<table>
			<name>vtiger_settings_field</name>
			<sql><![CDATA[insert into vtiger_settings_field values(34, 2, 'LBL_FIELD_FORMULAS', 'FieldFormulas.png', 'LBL_FIELDFORMULAS_DESCRIPTION', 'index.php?module=FieldFormulas&action=index&parenttab=Settings', 7)]]></sql>
		</table>
	</tables>
</schema>
