<?xml version='1.0'?>
<module>
<name>Projects</name>
<version>2.1</version>
<dependencies>
<vtiger_version>5.1.0</vtiger_version>
<vtiger_max_version>5.*</vtiger_max_version>
</dependencies>
<modulebundle>true</modulebundle>
<modulelist>
<dependent_module>
<name>ProjectMilestone</name>
<install_sequence>1</install_sequence>
<filepath>ProjectMilestone.zip</filepath>
</dependent_module>
<dependent_module>
<name>ProjectTask</name>
<install_sequence>2</install_sequence>
<filepath>ProjectTask.zip</filepath>
</dependent_module>
<dependent_module>
<name>Projects</name>
<install_sequence>3</install_sequence>
<filepath>Project.zip</filepath>
</dependent_module>
</modulelist>
</module>
